treatment,down,down_pct
0.01 ng/ml IL-1B,0.855649162392572,14.4350837607429
0.1 ng/ml IL-1B,0.603961224138458,39.6038775861542
1 ng/ml IL-1B,0.297970045857816,70.2029954142185
10 ng/ml IL-1B,0.159592915220087,84.0407084779913
