treatment,down,down_pct
0.01 ng/ml IL-6,0.968539762388628,3.14602376113717
0.1 ng/ml IL-6,0.856849744610391,14.3150255389609
1 ng/ml IL-6,0.330645875307057,66.9354124692943
10 ng/ml IL-6,0.0637401707069765,93.6259829293023
